,ivValue,WoE,Dist_Good,Dist_Bad,%popuation,badRate,variable
"n_AMT_ANNUITY____(-0.001, 3790.989]",,,,,0.07826902576994711,0.0,n_AMT_ANNUITY
"n_AMT_ANNUITY____(3790.989, 5411.655]",,,,,0.0782697331331024,0.0,n_AMT_ANNUITY
"n_AMT_ANNUITY____(5411.655, 7016.355]",,,,,0.07826761104363653,0.0,n_AMT_ANNUITY
"n_AMT_ANNUITY____(7016.355, 9000.0]",,,,,0.08261930917499528,0.0,n_AMT_ANNUITY
"n_AMT_ANNUITY____(9000.0, 11223.765]",,,,,0.07397816086994351,0.0,n_AMT_ANNUITY
"n_AMT_ANNUITY____(11223.765, 13692.825]",,,,,0.07823436497533778,0.0,n_AMT_ANNUITY
"n_AMT_ANNUITY____(13692.825, 17608.5]",,,,,0.07824568278582246,0.0,n_AMT_ANNUITY
"n_AMT_ANNUITY____(17608.5, 23390.64]",,,,,0.0782697331331024,0.0,n_AMT_ANNUITY
"n_AMT_ANNUITY____(23390.64, 34423.11]",,,,,0.07827256258572357,0.0,n_AMT_ANNUITY
"n_AMT_ANNUITY____(34423.11, 418058.145]",,,,,0.07825912268577302,0.0,n_AMT_ANNUITY
n_AMT_ANNUITY____Missing,,,,,0.21731469384261595,0.0,n_AMT_ANNUITY
"n_CNT_PAYMENT____(-0.001, 6.0]",,,,,0.22107857319192672,0.0,n_CNT_PAYMENT
"n_CNT_PAYMENT____(6.0, 8.0]",,,,,0.019381043091856058,0.0,n_CNT_PAYMENT
"n_CNT_PAYMENT____(8.0, 10.0]",,,,,0.08747535723607751,0.0,n_CNT_PAYMENT
"n_CNT_PAYMENT____(10.0, 12.0]",,,,,0.19511905275585148,0.0,n_CNT_PAYMENT
"n_CNT_PAYMENT____(12.0, 18.0]",,,,,0.055474248090650005,0.0,n_CNT_PAYMENT
"n_CNT_PAYMENT____(18.0, 24.0]",,,,,0.08378999519700417,0.0,n_CNT_PAYMENT
"n_CNT_PAYMENT____(24.0, 36.0]",,,,,0.053396015140400974,0.0,n_CNT_PAYMENT
"n_CNT_PAYMENT____(36.0, 84.0]",,,,,0.0669745582693936,0.0,n_CNT_PAYMENT
n_CNT_PAYMENT____Missing,,,,,0.21731115702683948,0.0,n_CNT_PAYMENT
"n_DAYS_LAST_DUE_1ST_VERSION____(-2801.001, -2045.0]",,,,,0.06033029615173223,0.0,n_DAYS_LAST_DUE_1ST_VERSION
"n_DAYS_LAST_DUE_1ST_VERSION____(-2045.0, -1498.0]",,,,,0.06034302868852749,0.0,n_DAYS_LAST_DUE_1ST_VERSION
"n_DAYS_LAST_DUE_1ST_VERSION____(-1498.0, -1016.0]",,,,,0.06027441446246413,0.0,n_DAYS_LAST_DUE_1ST_VERSION
"n_DAYS_LAST_DUE_1ST_VERSION____(-1016.0, -644.0]",,,,,0.06031048998338404,0.0,n_DAYS_LAST_DUE_1ST_VERSION
"n_DAYS_LAST_DUE_1ST_VERSION____(-644.0, -358.0]",,,,,0.06037061585158389,0.0,n_DAYS_LAST_DUE_1ST_VERSION
"n_DAYS_LAST_DUE_1ST_VERSION____(-358.0, -146.0]",,,,,0.06027441446246413,0.0,n_DAYS_LAST_DUE_1ST_VERSION
"n_DAYS_LAST_DUE_1ST_VERSION____(-146.0, 34.0]",,,,,0.060275829188774714,0.0,n_DAYS_LAST_DUE_1ST_VERSION
"n_DAYS_LAST_DUE_1ST_VERSION____(34.0, 273.0]",,,,,0.060397495651485,0.0,n_DAYS_LAST_DUE_1ST_VERSION
"n_DAYS_LAST_DUE_1ST_VERSION____(273.0, 1374.0]",,,,,0.06021570332057486,0.0,n_DAYS_LAST_DUE_1ST_VERSION
"n_DAYS_LAST_DUE_1ST_VERSION____(1374.0, 365243.0]",,,,,0.06030200162552053,0.0,n_DAYS_LAST_DUE_1ST_VERSION
n_DAYS_LAST_DUE_1ST_VERSION____Missing,,,,,0.396905710613489,0.0,n_DAYS_LAST_DUE_1ST_VERSION
"n_SELLERPLACE_AREA____(-1.001, 4.0]",,,,,0.5031827805172381,0.0,n_SELLERPLACE_AREA
"n_SELLERPLACE_AREA____(4.0, 29.0]",,,,,0.09729850937362285,0.0,n_SELLERPLACE_AREA
"n_SELLERPLACE_AREA____(29.0, 50.0]",,,,,0.10224651464489308,0.0,n_SELLERPLACE_AREA
"n_SELLERPLACE_AREA____(50.0, 142.0]",,,,,0.09794786875018126,0.0,n_SELLERPLACE_AREA
"n_SELLERPLACE_AREA____(142.0, 939.0]",,,,,0.0995507536600738,0.0,n_SELLERPLACE_AREA
"n_SELLERPLACE_AREA____(939.0, 4000000.0]",,,,,0.09977357305399091,0.0,n_SELLERPLACE_AREA
"n_SK_ID_PREV____(1000000.999, 1184752.0]",,,,,0.10000063662683976,0.0,n_SK_ID_PREV
"n_SK_ID_PREV____(1184752.0, 1368981.0]",,,,,0.09999992926368446,0.0,n_SK_ID_PREV
"n_SK_ID_PREV____(1368981.0, 1553655.0]",,,,,0.09999992926368446,0.0,n_SK_ID_PREV
"n_SK_ID_PREV____(1553655.0, 1738220.0]",,,,,0.09999992926368446,0.0,n_SK_ID_PREV
"n_SK_ID_PREV____(1738220.0, 1922698.0]",,,,,0.09999992926368446,0.0,n_SK_ID_PREV
"n_SK_ID_PREV____(1922698.0, 2107387.0]",,,,,0.09999992926368446,0.0,n_SK_ID_PREV
"n_SK_ID_PREV____(2107387.0, 2291830.0]",,,,,0.09999992926368446,0.0,n_SK_ID_PREV
"n_SK_ID_PREV____(2291830.0, 2476265.0]",,,,,0.09999992926368446,0.0,n_SK_ID_PREV
"n_SK_ID_PREV____(2476265.0, 2660883.0]",,,,,0.09999992926368446,0.0,n_SK_ID_PREV
"n_SK_ID_PREV____(2660883.0, 2845381.0]",,,,,0.09999992926368446,0.0,n_SK_ID_PREV
"n_AMT_APPLICATION____(-0.001, 29556.0]",,,,,0.3000111056015381,0.0,n_AMT_APPLICATION
"n_AMT_APPLICATION____(29556.0, 45000.0]",,,,,0.10174287207832491,0.0,n_AMT_APPLICATION
"n_AMT_APPLICATION____(45000.0, 70870.5]",,,,,0.09825203490695698,0.0,n_AMT_APPLICATION
"n_AMT_APPLICATION____(70870.5, 103500.0]",,,,,0.10065636227179581,0.0,n_AMT_APPLICATION
"n_AMT_APPLICATION____(103500.0, 143909.1]",,,,,0.0993378373503308,0.0,n_AMT_APPLICATION
"n_AMT_APPLICATION____(143909.1, 225000.0]",,,,,0.10086361967629648,0.0,n_AMT_APPLICATION
"n_AMT_APPLICATION____(225000.0, 450000.0]",,,,,0.10098387141269617,0.0,n_AMT_APPLICATION
"n_AMT_APPLICATION____(450000.0, 5850000.0]",,,,,0.09815229670206076,0.0,n_AMT_APPLICATION
"n_AMT_CREDIT____(-0.001, 14593.5]",,,,,0.20002461623780418,0.0,n_AMT_CREDIT
"n_AMT_CREDIT____(14593.5, 34303.5]",,,,,0.09998507463742333,0.0,n_AMT_CREDIT
"n_AMT_CREDIT____(34303.5, 52128.0]",,,,,0.10002963851620675,0.0,n_AMT_CREDIT
"n_AMT_CREDIT____(52128.0, 80595.0]",,,,,0.09998224518480216,0.0,n_AMT_CREDIT
"n_AMT_CREDIT____(80595.0, 115822.8]",,,,,0.09997800100587041,0.0,n_AMT_CREDIT
"n_AMT_CREDIT____(115822.8, 167027.85]",,,,,0.09999992926368446,0.0,n_AMT_CREDIT
"n_AMT_CREDIT____(167027.85, 270000.0]",,,,,0.10488710130359956,0.0,n_AMT_CREDIT
"n_AMT_CREDIT____(270000.0, 533160.0]",,,,,0.09697453704849894,0.0,n_AMT_CREDIT
"n_AMT_CREDIT____(533160.0, 4509688.5]",,,,,0.09813814943895491,0.0,n_AMT_CREDIT
n_AMT_CREDIT____Missing,,,,,7.07363155292385e-07,0.0,n_AMT_CREDIT
"n_RATE_DOWN_PAYMENT____(-0.001015, 0.0]",,,,,0.22209576140923717,0.0,n_RATE_DOWN_PAYMENT
"n_RATE_DOWN_PAYMENT____(0.0, 0.0625]",,,,,0.012806102563413338,0.0,n_RATE_DOWN_PAYMENT
"n_RATE_DOWN_PAYMENT____(0.0625, 0.101]",,,,,0.04698093868505434,0.0,n_RATE_DOWN_PAYMENT
"n_RATE_DOWN_PAYMENT____(0.101, 0.109]",,,,,0.046980231321899046,0.0,n_RATE_DOWN_PAYMENT
"n_RATE_DOWN_PAYMENT____(0.109, 0.11]",,,,,0.04697952395874375,0.0,n_RATE_DOWN_PAYMENT
"n_RATE_DOWN_PAYMENT____(0.11, 0.212]",,,,,0.046980231321899046,0.0,n_RATE_DOWN_PAYMENT
"n_RATE_DOWN_PAYMENT____(0.212, 1.0]",,,,,0.046980231321899046,0.0,n_RATE_DOWN_PAYMENT
n_RATE_DOWN_PAYMENT____Missing,,,,,0.5301969794178543,0.0,n_RATE_DOWN_PAYMENT
"n_DAYS_LAST_DUE____(-2889.001, -2079.0]",,,,,0.06035859067794392,0.0,n_DAYS_LAST_DUE
"n_DAYS_LAST_DUE____(-2079.0, -1554.0]",,,,,0.06031544152547109,0.0,n_DAYS_LAST_DUE
"n_DAYS_LAST_DUE____(-1554.0, -1108.0]",,,,,0.06037061585158389,0.0,n_DAYS_LAST_DUE
"n_DAYS_LAST_DUE____(-1108.0, -784.0]",,,,,0.0603890072936215,0.0,n_DAYS_LAST_DUE
"n_DAYS_LAST_DUE____(-784.0, -534.0]",,,,,0.06035434649901217,0.0,n_DAYS_LAST_DUE
"n_DAYS_LAST_DUE____(-534.0, -333.0]",,,,,0.060218532773196026,0.0,n_DAYS_LAST_DUE
"n_DAYS_LAST_DUE____(-333.0, -162.0]",,,,,0.06030978262022875,0.0,n_DAYS_LAST_DUE
"n_DAYS_LAST_DUE____(-162.0, 365243.0]",,,,,0.18077797214545366,0.0,n_DAYS_LAST_DUE
n_DAYS_LAST_DUE____Missing,,,,,0.396905710613489,0.0,n_DAYS_LAST_DUE
"n_DAYS_FIRST_DRAWING____(-2922.001, 365243.0]",,,,,0.603094289386511,0.0,n_DAYS_FIRST_DRAWING
n_DAYS_FIRST_DRAWING____Missing,,,,,0.396905710613489,0.0,n_DAYS_FIRST_DRAWING
"n_DAYS_TERMINATION____(-2874.001, -2048.0]",,,,,0.06039325147255325,0.0,n_DAYS_TERMINATION
"n_DAYS_TERMINATION____(-2048.0, -1508.0]",,,,,0.060232680036301875,0.0,n_DAYS_TERMINATION
"n_DAYS_TERMINATION____(-1508.0, -1064.0]",,,,,0.060345150777993364,0.0,n_DAYS_TERMINATION
"n_DAYS_TERMINATION____(-1064.0, -743.0]",,,,,0.06026875555722179,0.0,n_DAYS_TERMINATION
"n_DAYS_TERMINATION____(-743.0, -494.0]",,,,,0.06050784430371062,0.0,n_DAYS_TERMINATION
"n_DAYS_TERMINATION____(-494.0, -297.0]",,,,,0.060229143220525416,0.0,n_DAYS_TERMINATION
"n_DAYS_TERMINATION____(-297.0, -128.0]",,,,,0.06062314449802327,0.0,n_DAYS_TERMINATION
"n_DAYS_TERMINATION____(-128.0, 365243.0]",,,,,0.1804943195201814,0.0,n_DAYS_TERMINATION
n_DAYS_TERMINATION____Missing,,,,,0.396905710613489,0.0,n_DAYS_TERMINATION
"n_DAYS_DECISION____(-2922.001, -2257.0]",,,,,0.10007561712130075,0.0,n_DAYS_DECISION
"n_DAYS_DECISION____(-2257.0, -1566.0]",,,,,0.09994404757441637,0.0,n_DAYS_DECISION
"n_DAYS_DECISION____(-1566.0, -1097.0]",,,,,0.10010178955804658,0.0,n_DAYS_DECISION
"n_DAYS_DECISION____(-1097.0, -792.0]",,,,,0.10024609164172622,0.0,n_DAYS_DECISION
"n_DAYS_DECISION____(-792.0, -582.0]",,,,,0.0999596095638328,0.0,n_DAYS_DECISION
"n_DAYS_DECISION____(-582.0, -420.0]",,,,,0.09983723573796723,0.0,n_DAYS_DECISION
"n_DAYS_DECISION____(-420.0, -314.0]",,,,,0.10028216716264614,0.0,n_DAYS_DECISION
"n_DAYS_DECISION____(-314.0, -232.0]",,,,,0.0998485535484519,0.0,n_DAYS_DECISION
"n_DAYS_DECISION____(-232.0, -146.0]",,,,,0.10050144974078677,0.0,n_DAYS_DECISION
"n_DAYS_DECISION____(-146.0, -1.0]",,,,,0.09920343835082525,0.0,n_DAYS_DECISION
"n_AMT_GOODS_PRICE____(-0.001, 30140.55]",,,,,0.07739826172578218,0.0,n_AMT_GOODS_PRICE
"n_AMT_GOODS_PRICE____(30140.55, 45000.0]",,,,,0.09832347858564151,0.0,n_AMT_GOODS_PRICE
"n_AMT_GOODS_PRICE____(45000.0, 60921.0]",,,,,0.0564779964080099,0.0,n_AMT_GOODS_PRICE
"n_AMT_GOODS_PRICE____(60921.0, 83380.5]",,,,,0.07739331018369514,0.0,n_AMT_GOODS_PRICE
"n_AMT_GOODS_PRICE____(83380.5, 110245.5]",,,,,0.07741099426257744,0.0,n_AMT_GOODS_PRICE
"n_AMT_GOODS_PRICE____(110245.5, 135850.5]",,,,,0.07739189545738455,0.0,n_AMT_GOODS_PRICE
"n_AMT_GOODS_PRICE____(135850.5, 202900.5]",,,,,0.07739331018369514,0.0,n_AMT_GOODS_PRICE
"n_AMT_GOODS_PRICE____(202900.5, 315000.0]",,,,,0.0819020429355288,0.0,n_AMT_GOODS_PRICE
"n_AMT_GOODS_PRICE____(315000.0, 585000.0]",,,,,0.07360113630817267,0.0,n_AMT_GOODS_PRICE
"n_AMT_GOODS_PRICE____(585000.0, 5850000.0]",,,,,0.07668736175471334,0.0,n_AMT_GOODS_PRICE
n_AMT_GOODS_PRICE____Missing,,,,,0.2260202121947993,0.0,n_AMT_GOODS_PRICE
"n_RATE_INTEREST_PRIMARY____(0.034679999999999996, 0.1424]",,,,,0.0006451151976266551,0.0,n_RATE_INTEREST_PRIMARY
"n_RATE_INTEREST_PRIMARY____(0.1424, 0.1425]",,,,,3.607552091991163e-05,0.0,n_RATE_INTEREST_PRIMARY
"n_RATE_INTEREST_PRIMARY____(0.1425, 0.1607]",,,,,0.0006111617661726206,0.0,n_RATE_INTEREST_PRIMARY
"n_RATE_INTEREST_PRIMARY____(0.1607, 0.176]",,,,,0.00011671492062324353,0.0,n_RATE_INTEREST_PRIMARY
"n_RATE_INTEREST_PRIMARY____(0.176, 0.1891]",,,,,0.0009705022490611523,0.0,n_RATE_INTEREST_PRIMARY
"n_RATE_INTEREST_PRIMARY____(0.1891, 0.1933]",,,,,0.00042795470895189294,0.0,n_RATE_INTEREST_PRIMARY
"n_RATE_INTEREST_PRIMARY____(0.1933, 0.1969]",,,,,0.0003734877459943793,0.0,n_RATE_INTEREST_PRIMARY
"n_RATE_INTEREST_PRIMARY____(0.1969, 1.0]",,,,,0.0002079647676559612,0.0,n_RATE_INTEREST_PRIMARY
n_RATE_INTEREST_PRIMARY____Missing,,,,,0.9966110231229942,0.0,n_RATE_INTEREST_PRIMARY
"n_NFLAG_INSURED_ON_APPROVAL____(-0.001, 1.0]",,,,,0.603094289386511,0.0,n_NFLAG_INSURED_ON_APPROVAL
n_NFLAG_INSURED_ON_APPROVAL____Missing,,,,,0.396905710613489,0.0,n_NFLAG_INSURED_ON_APPROVAL
"n_HOUR_APPR_PROCESS_START____(-0.001, 8.0]",,,,,0.10548835998559809,0.0,n_HOUR_APPR_PROCESS_START
"n_HOUR_APPR_PROCESS_START____(8.0, 10.0]",,,,,0.1849726356563375,0.0,n_HOUR_APPR_PROCESS_START
"n_HOUR_APPR_PROCESS_START____(10.0, 11.0]",,,,,0.11548693818565595,0.0,n_HOUR_APPR_PROCESS_START
"n_HOUR_APPR_PROCESS_START____(11.0, 12.0]",,,,,0.11142950312689882,0.0,n_HOUR_APPR_PROCESS_START
"n_HOUR_APPR_PROCESS_START____(12.0, 13.0]",,,,,0.10316042784153084,0.0,n_HOUR_APPR_PROCESS_START
"n_HOUR_APPR_PROCESS_START____(13.0, 14.0]",,,,,0.09451857217332378,0.0,n_HOUR_APPR_PROCESS_START
"n_HOUR_APPR_PROCESS_START____(14.0, 15.0]",,,,,0.08551666865907288,0.0,n_HOUR_APPR_PROCESS_START
"n_HOUR_APPR_PROCESS_START____(15.0, 17.0]",,,,,0.12930103324536094,0.0,n_HOUR_APPR_PROCESS_START
"n_HOUR_APPR_PROCESS_START____(17.0, 23.0]",,,,,0.07012586112622117,0.0,n_HOUR_APPR_PROCESS_START
"n_DAYS_FIRST_DUE____(-2892.001, -2388.0]",,,,,0.06037344530420506,0.0,n_DAYS_FIRST_DUE
"n_DAYS_FIRST_DUE____(-2388.0, -1882.0]",,,,,0.06032039306755813,0.0,n_DAYS_FIRST_DUE
"n_DAYS_FIRST_DUE____(-1882.0, -1430.0]",,,,,0.06028997645188056,0.0,n_DAYS_FIRST_DUE
"n_DAYS_FIRST_DUE____(-1430.0, -1070.0]",,,,,0.060265218741445324,0.0,n_DAYS_FIRST_DUE
"n_DAYS_FIRST_DUE____(-1070.0, -825.0]",,,,,0.060449840524976636,0.0,n_DAYS_FIRST_DUE
"n_DAYS_FIRST_DUE____(-825.0, -647.0]",,,,,0.06037556739367094,0.0,n_DAYS_FIRST_DUE
"n_DAYS_FIRST_DUE____(-647.0, -485.0]",,,,,0.060124453473542144,0.0,n_DAYS_FIRST_DUE
"n_DAYS_FIRST_DUE____(-485.0, -329.0]",,,,,0.0606486095716138,0.0,n_DAYS_FIRST_DUE
"n_DAYS_FIRST_DUE____(-329.0, -173.0]",,,,,0.06011667247883393,0.0,n_DAYS_FIRST_DUE
"n_DAYS_FIRST_DUE____(-173.0, 365243.0]",,,,,0.06013011237878448,0.0,n_DAYS_FIRST_DUE
n_DAYS_FIRST_DUE____Missing,,,,,0.396905710613489,0.0,n_DAYS_FIRST_DUE
"n_AMT_DOWN_PAYMENT____(-0.901, 0.0]",,,,,0.22209576140923717,0.0,n_AMT_DOWN_PAYMENT
"n_AMT_DOWN_PAYMENT____(0.0, 1791.0]",,,,,0.012840763358022665,0.0,n_AMT_DOWN_PAYMENT
"n_AMT_DOWN_PAYMENT____(1791.0, 3825.0]",,,,,0.047239126236736054,0.0,n_AMT_DOWN_PAYMENT
"n_AMT_DOWN_PAYMENT____(3825.0, 6052.5]",,,,,0.04670435969133501,0.0,n_AMT_DOWN_PAYMENT
"n_AMT_DOWN_PAYMENT____(6052.5, 9400.5]",,,,,0.047002159579713106,0.0,n_AMT_DOWN_PAYMENT
"n_AMT_DOWN_PAYMENT____(9400.5, 16911.0]",,,,,0.04694344843782384,0.0,n_AMT_DOWN_PAYMENT
"n_AMT_DOWN_PAYMENT____(16911.0, 3060045.0]",,,,,0.046977401869277874,0.0,n_AMT_DOWN_PAYMENT
n_AMT_DOWN_PAYMENT____Missing,,,,,0.5301969794178543,0.0,n_AMT_DOWN_PAYMENT
"n_NFLAG_LAST_APPL_IN_DAY____(-0.001, 1.0]",,,,,1.0,0.0,n_NFLAG_LAST_APPL_IN_DAY
"n_TARGET____(-0.001, 1.0]",,,,,1.0,0.0,n_TARGET
"n_RATE_INTEREST_PRIVILEGED____(0.372, 0.638]",,,,,0.0007611227550946062,0.0,n_RATE_INTEREST_PRIVILEGED
"n_RATE_INTEREST_PRIVILEGED____(0.638, 0.716]",,,,,0.0006231869398125912,0.0,n_RATE_INTEREST_PRIVILEGED
"n_RATE_INTEREST_PRIVILEGED____(0.716, 0.835]",,,,,0.0009761611543034913,0.0,n_RATE_INTEREST_PRIVILEGED
"n_RATE_INTEREST_PRIVILEGED____(0.835, 0.845]",,,,,1.3439899950555316e-05,0.0,n_RATE_INTEREST_PRIVILEGED
"n_RATE_INTEREST_PRIVILEGED____(0.845, 0.853]",,,,,0.0004944468455493771,0.0,n_RATE_INTEREST_PRIVILEGED
"n_RATE_INTEREST_PRIVILEGED____(0.853, 0.867]",,,,,0.000519911919139903,0.0,n_RATE_INTEREST_PRIVILEGED
"n_RATE_INTEREST_PRIVILEGED____(0.867, 1.0]",,,,,7.07363155292385e-07,0.0,n_RATE_INTEREST_PRIVILEGED
n_RATE_INTEREST_PRIVILEGED____Missing,,,,,0.9966110231229942,0.0,n_RATE_INTEREST_PRIVILEGED
c_NAME_CONTRACT_TYPE____Cash loans,,,,,0.44334976066367643,0.0,c_NAME_CONTRACT_TYPE
c_NAME_CONTRACT_TYPE____Consumer loans,,,,,0.4422830570254955,0.0,c_NAME_CONTRACT_TYPE
c_NAME_CONTRACT_TYPE____Revolving loans,,,,,0.11414577764322159,0.0,c_NAME_CONTRACT_TYPE
c_NAME_CONTRACT_TYPE____XNA,,,,,0.0002214046676065165,0.0,c_NAME_CONTRACT_TYPE
c_WEEKDAY_APPR_PROCESS_START____FRIDAY,,,,,0.15093219853420206,0.0,c_WEEKDAY_APPR_PROCESS_START
c_WEEKDAY_APPR_PROCESS_START____MONDAY,,,,,0.15173576307861422,0.0,c_WEEKDAY_APPR_PROCESS_START
c_WEEKDAY_APPR_PROCESS_START____SATURDAY,,,,,0.14441455442133802,0.0,c_WEEKDAY_APPR_PROCESS_START
c_WEEKDAY_APPR_PROCESS_START____SUNDAY,,,,,0.09908601606704671,0.0,c_WEEKDAY_APPR_PROCESS_START
c_WEEKDAY_APPR_PROCESS_START____THURSDAY,,,,,0.1492571625824697,0.0,c_WEEKDAY_APPR_PROCESS_START
c_WEEKDAY_APPR_PROCESS_START____TUESDAY,,,,,0.15212410545086974,0.0,c_WEEKDAY_APPR_PROCESS_START
c_WEEKDAY_APPR_PROCESS_START____WEDNESDAY,,,,,0.15245019986545952,0.0,c_WEEKDAY_APPR_PROCESS_START
c_FLAG_LAST_APPL_PER_CONTRACT____N,,,,,0.005173654117808504,0.0,c_FLAG_LAST_APPL_PER_CONTRACT
c_FLAG_LAST_APPL_PER_CONTRACT____Y,,,,,0.9948263458821915,0.0,c_FLAG_LAST_APPL_PER_CONTRACT
c_NAME_CASH_LOAN_PURPOSE____Building a house or an annex,,,,,0.0016580592360053506,0.0,c_NAME_CASH_LOAN_PURPOSE
c_NAME_CASH_LOAN_PURPOSE____Business development,,,,,0.0002539433727499662,0.0,c_NAME_CASH_LOAN_PURPOSE
c_NAME_CASH_LOAN_PURPOSE____Buying a garage,,,,,8.205412601391667e-05,0.0,c_NAME_CASH_LOAN_PURPOSE
c_NAME_CASH_LOAN_PURPOSE____Buying a holiday home / land,,,,,0.0003275091409003743,0.0,c_NAME_CASH_LOAN_PURPOSE
c_NAME_CASH_LOAN_PURPOSE____Buying a home,,,,,0.000495861571859962,0.0,c_NAME_CASH_LOAN_PURPOSE
c_NAME_CASH_LOAN_PURPOSE____Buying a new car,,,,,0.0006267237555890532,0.0,c_NAME_CASH_LOAN_PURPOSE
c_NAME_CASH_LOAN_PURPOSE____Buying a used car,,,,,0.0017464796304168986,0.0,c_NAME_CASH_LOAN_PURPOSE
c_NAME_CASH_LOAN_PURPOSE____Car repairs,,,,,0.000488787940307038,0.0,c_NAME_CASH_LOAN_PURPOSE
c_NAME_CASH_LOAN_PURPOSE____Education,,,,,0.0009436224491600416,0.0,c_NAME_CASH_LOAN_PURPOSE
c_NAME_CASH_LOAN_PURPOSE____Everyday expenses,,,,,0.001451509194659974,0.0,c_NAME_CASH_LOAN_PURPOSE
c_NAME_CASH_LOAN_PURPOSE____Furniture,,,,,0.0004668596824929741,0.0,c_NAME_CASH_LOAN_PURPOSE
c_NAME_CASH_LOAN_PURPOSE____Gasification / water supply,,,,,0.00017754815197838864,0.0,c_NAME_CASH_LOAN_PURPOSE
c_NAME_CASH_LOAN_PURPOSE____Hobby,,,,,3.1831341988157324e-05,0.0,c_NAME_CASH_LOAN_PURPOSE
c_NAME_CASH_LOAN_PURPOSE____Journey,,,,,0.0007370724078146651,0.0,c_NAME_CASH_LOAN_PURPOSE
c_NAME_CASH_LOAN_PURPOSE____Medicine,,,,,0.0013234764635520523,0.0,c_NAME_CASH_LOAN_PURPOSE
c_NAME_CASH_LOAN_PURPOSE____Money for a third person,,,,,1.6269352571724857e-05,0.0,c_NAME_CASH_LOAN_PURPOSE
c_NAME_CASH_LOAN_PURPOSE____Other,,,,,0.009501301901887315,0.0,c_NAME_CASH_LOAN_PURPOSE
c_NAME_CASH_LOAN_PURPOSE____Payments on other loans,,,,,0.0011126822432749217,0.0,c_NAME_CASH_LOAN_PURPOSE
c_NAME_CASH_LOAN_PURPOSE____Purchase of electronic equipment,,,,,0.0006606771870430876,0.0,c_NAME_CASH_LOAN_PURPOSE
c_NAME_CASH_LOAN_PURPOSE____Refusal to name the goal,,,,,9.195721018801006e-06,0.0,c_NAME_CASH_LOAN_PURPOSE
c_NAME_CASH_LOAN_PURPOSE____Repairs,,,,,0.01423002459501691,0.0,c_NAME_CASH_LOAN_PURPOSE
c_NAME_CASH_LOAN_PURPOSE____Urgent needs,,,,,0.005118479791695698,0.0,c_NAME_CASH_LOAN_PURPOSE
c_NAME_CASH_LOAN_PURPOSE____Wedding / gift / holiday,,,,,0.0005665978873892004,0.0,c_NAME_CASH_LOAN_PURPOSE
c_NAME_CASH_LOAN_PURPOSE____XAP,,,,,0.5566502393363236,0.0,c_NAME_CASH_LOAN_PURPOSE
c_NAME_CASH_LOAN_PURPOSE____XNA,,,,,0.40132319351828993,0.0,c_NAME_CASH_LOAN_PURPOSE
c_NAME_CONTRACT_STATUS____Approved,,,,,0.6267937845414271,0.0,c_NAME_CONTRACT_STATUS
c_NAME_CONTRACT_STATUS____Canceled,,,,,0.18351900437221166,0.0,c_NAME_CONTRACT_STATUS
c_NAME_CONTRACT_STATUS____Refused,,,,,0.17357984467719836,0.0,c_NAME_CONTRACT_STATUS
c_NAME_CONTRACT_STATUS____Unused offer,,,,,0.0161073664091629,0.0,c_NAME_CONTRACT_STATUS
c_NAME_PAYMENT_TYPE____Cash through the bank,,,,,0.6243894571765882,0.0,c_NAME_PAYMENT_TYPE
c_NAME_PAYMENT_TYPE____Cashless from the account of the employer,,,,,0.0006656287291301343,0.0,c_NAME_PAYMENT_TYPE
c_NAME_PAYMENT_TYPE____Non-cash from your account,,,,,0.005022278402575933,0.0,c_NAME_PAYMENT_TYPE
c_NAME_PAYMENT_TYPE____XNA,,,,,0.3699226356917057,0.0,c_NAME_PAYMENT_TYPE
c_CODE_REJECT_REASON____CLIENT,,,,,0.0161073664091629,0.0,c_CODE_REJECT_REASON
c_CODE_REJECT_REASON____HC,,,,,0.10326370286220353,0.0,c_CODE_REJECT_REASON
c_CODE_REJECT_REASON____LIMIT,,,,,0.03379286001778311,0.0,c_CODE_REJECT_REASON
c_CODE_REJECT_REASON____SCO,,,,,0.023085503936122277,0.0,c_CODE_REJECT_REASON
c_CODE_REJECT_REASON____SCOFR,,,,,0.007692574313804687,0.0,c_CODE_REJECT_REASON
c_CODE_REJECT_REASON____SYSTEM,,,,,0.00047534804035648275,0.0,c_CODE_REJECT_REASON
c_CODE_REJECT_REASON____VERIF,,,,,0.0021779711551452533,0.0,c_CODE_REJECT_REASON
c_CODE_REJECT_REASON____XAP,,,,,0.8103078373715517,0.0,c_CODE_REJECT_REASON
c_CODE_REJECT_REASON____XNA,,,,,0.0030968358938700618,0.0,c_CODE_REJECT_REASON
c_NAME_TYPE_SUITE____Children,,,,,0.01917378568735539,0.0,c_NAME_TYPE_SUITE
c_NAME_TYPE_SUITE____Family,,,,,0.128655210684579,0.0,c_NAME_TYPE_SUITE
c_NAME_TYPE_SUITE____Group of people,,,,,0.0013645035265590108,0.0,c_NAME_TYPE_SUITE
c_NAME_TYPE_SUITE____Missing,,,,,0.4913853778132717,0.0,c_NAME_TYPE_SUITE
c_NAME_TYPE_SUITE____Other_A,,,,,0.005531579874386451,0.0,c_NAME_TYPE_SUITE
c_NAME_TYPE_SUITE____Other_B,,,,,0.010662084839722119,0.0,c_NAME_TYPE_SUITE
"c_NAME_TYPE_SUITE____Spouse, partner",,,,,0.04073421466066728,0.0,c_NAME_TYPE_SUITE
c_NAME_TYPE_SUITE____Unaccompanied,,,,,0.3024932429134591,0.0,c_NAME_TYPE_SUITE
c_NAME_CLIENT_TYPE____New,,,,,0.18358903332458562,0.0,c_NAME_CLIENT_TYPE
c_NAME_CLIENT_TYPE____Refreshed,,,,,0.08130149161668557,0.0,c_NAME_CLIENT_TYPE
c_NAME_CLIENT_TYPE____Repeater,,,,,0.7340180137101127,0.0,c_NAME_CLIENT_TYPE
c_NAME_CLIENT_TYPE____XNA,,,,,0.00109146134861615,0.0,c_NAME_CLIENT_TYPE
c_NAME_GOODS_CATEGORY____Additional Service,,,,,7.710258392686997e-05,0.0,c_NAME_GOODS_CATEGORY
c_NAME_GOODS_CATEGORY____Animals,,,,,7.07363155292385e-07,0.0,c_NAME_GOODS_CATEGORY
c_NAME_GOODS_CATEGORY____Audio/Video,,,,,0.060480964503809506,0.0,c_NAME_GOODS_CATEGORY
c_NAME_GOODS_CATEGORY____Auto Accessories,,,,,0.0044054577311609736,0.0,c_NAME_GOODS_CATEGORY
c_NAME_GOODS_CATEGORY____Clothing and Accessories,,,,,0.013857244212177823,0.0,c_NAME_GOODS_CATEGORY
c_NAME_GOODS_CATEGORY____Computers,,,,,0.06360821701335714,0.0,c_NAME_GOODS_CATEGORY
c_NAME_GOODS_CATEGORY____Construction Materials,,,,,0.015106447544424174,0.0,c_NAME_GOODS_CATEGORY
c_NAME_GOODS_CATEGORY____Consumer Electronics,,,,,0.07412104822731257,0.0,c_NAME_GOODS_CATEGORY
c_NAME_GOODS_CATEGORY____Direct Sales,,,,,0.00023342984124648705,0.0,c_NAME_GOODS_CATEGORY
c_NAME_GOODS_CATEGORY____Education,,,,,6.295532082102226e-05,0.0,c_NAME_GOODS_CATEGORY
c_NAME_GOODS_CATEGORY____Fitness,,,,,0.00011742228377853591,0.0,c_NAME_GOODS_CATEGORY
c_NAME_GOODS_CATEGORY____Furniture,,,,,0.03214187441333068,0.0,c_NAME_GOODS_CATEGORY
c_NAME_GOODS_CATEGORY____Gardening,,,,,0.001642497246588918,0.0,c_NAME_GOODS_CATEGORY
c_NAME_GOODS_CATEGORY____Homewares,,,,,0.003048027836154887,0.0,c_NAME_GOODS_CATEGORY
c_NAME_GOODS_CATEGORY____Insurance,,,,,4.102706300695833e-05,0.0,c_NAME_GOODS_CATEGORY
c_NAME_GOODS_CATEGORY____Jewelry,,,,,0.0036698000496568936,0.0,c_NAME_GOODS_CATEGORY
c_NAME_GOODS_CATEGORY____Medical Supplies,,,,,0.0022918566231473277,0.0,c_NAME_GOODS_CATEGORY
c_NAME_GOODS_CATEGORY____Medicine,,,,,0.0009209868281906854,0.0,c_NAME_GOODS_CATEGORY
c_NAME_GOODS_CATEGORY____Mobile,,,,,0.13704665979581254,0.0,c_NAME_GOODS_CATEGORY
c_NAME_GOODS_CATEGORY____Office Appliances,,,,,0.0014041158632553843,0.0,c_NAME_GOODS_CATEGORY
c_NAME_GOODS_CATEGORY____Other,,,,,0.0016531076939183037,0.0,c_NAME_GOODS_CATEGORY
c_NAME_GOODS_CATEGORY____Photo / Cinema Equipment,,,,,0.015354732011931802,0.0,c_NAME_GOODS_CATEGORY
c_NAME_GOODS_CATEGORY____Sport and Leisure,,,,,0.001796702414442658,0.0,c_NAME_GOODS_CATEGORY
c_NAME_GOODS_CATEGORY____Tourism,,,,,0.0009365488176071178,0.0,c_NAME_GOODS_CATEGORY
c_NAME_GOODS_CATEGORY____Vehicles,,,,,0.002018814445204467,0.0,c_NAME_GOODS_CATEGORY
c_NAME_GOODS_CATEGORY____Weapon,,,,,4.5978605094005025e-05,0.0,c_NAME_GOODS_CATEGORY
c_NAME_GOODS_CATEGORY____XNA,,,,,0.563916273667487,0.0,c_NAME_GOODS_CATEGORY
c_NAME_PORTFOLIO____Cards,,,,,0.08628769449834159,0.0,c_NAME_PORTFOLIO
c_NAME_PORTFOLIO____Cars,,,,,0.0002687979990111063,0.0,c_NAME_PORTFOLIO
c_NAME_PORTFOLIO____Cash,,,,,0.2770479754912814,0.0,c_NAME_PORTFOLIO
c_NAME_PORTFOLIO____POS,,,,,0.41908437498452644,0.0,c_NAME_PORTFOLIO
c_NAME_PORTFOLIO____XNA,,,,,0.21731115702683948,0.0,c_NAME_PORTFOLIO
c_NAME_PRODUCT_TYPE____XNA,,,,,0.636664330010377,0.0,c_NAME_PRODUCT_TYPE
c_NAME_PRODUCT_TYPE____walk-in,,,,,0.09072215411886955,0.0,c_NAME_PRODUCT_TYPE
c_NAME_PRODUCT_TYPE____x-sell,,,,,0.27261351587075344,0.0,c_NAME_PRODUCT_TYPE
c_CHANNEL_TYPE____AP+ (Cash loan),,,,,0.035102189218229315,0.0,c_CHANNEL_TYPE
c_CHANNEL_TYPE____Car dealer,,,,,0.00028718944104870833,0.0,c_CHANNEL_TYPE
c_CHANNEL_TYPE____Channel of corporate sales,,,,,0.0038169315859577094,0.0,c_CHANNEL_TYPE
c_CHANNEL_TYPE____Contact center,,,,,0.04165732357832384,0.0,c_CHANNEL_TYPE
c_CHANNEL_TYPE____Country-wide,,,,,0.299258471204307,0.0,c_CHANNEL_TYPE
c_CHANNEL_TYPE____Credit and cash offices,,,,,0.424659811374541,0.0,c_CHANNEL_TYPE
c_CHANNEL_TYPE____Regional / Local,,,,,0.06541128569619743,0.0,c_CHANNEL_TYPE
c_CHANNEL_TYPE____Stone,,,,,0.129806797901395,0.0,c_CHANNEL_TYPE
c_NAME_SELLER_INDUSTRY____Auto technology,,,,,0.0028860416735929308,0.0,c_NAME_SELLER_INDUSTRY
c_NAME_SELLER_INDUSTRY____Clothing,,,,,0.014073697337697292,0.0,c_NAME_SELLER_INDUSTRY
c_NAME_SELLER_INDUSTRY____Connectivity,,,,,0.16860000806393996,0.0,c_NAME_SELLER_INDUSTRY
c_NAME_SELLER_INDUSTRY____Construction,,,,,0.01797904931806655,0.0,c_NAME_SELLER_INDUSTRY
c_NAME_SELLER_INDUSTRY____Consumer electronics,,,,,0.24170669752656326,0.0,c_NAME_SELLER_INDUSTRY
c_NAME_SELLER_INDUSTRY____Furniture,,,,,0.03463674426204692,0.0,c_NAME_SELLER_INDUSTRY
c_NAME_SELLER_INDUSTRY____Industry,,,,,0.011718885393728942,0.0,c_NAME_SELLER_INDUSTRY
c_NAME_SELLER_INDUSTRY____Jewelry,,,,,0.0014904141682010553,0.0,c_NAME_SELLER_INDUSTRY
c_NAME_SELLER_INDUSTRY____MLM partners,,,,,0.0006514814660242866,0.0,c_NAME_SELLER_INDUSTRY
c_NAME_SELLER_INDUSTRY____Tourism,,,,,0.000264553820079352,0.0,c_NAME_SELLER_INDUSTRY
c_NAME_SELLER_INDUSTRY____XNA,,,,,0.5059924269700594,0.0,c_NAME_SELLER_INDUSTRY
c_NAME_YIELD_GROUP____XNA,,,,,0.30359885152518107,0.0,c_NAME_YIELD_GROUP
c_NAME_YIELD_GROUP____high,,,,,0.21649627467194266,0.0,c_NAME_YIELD_GROUP
c_NAME_YIELD_GROUP____low_action,,,,,0.05558954828496266,0.0,c_NAME_YIELD_GROUP
c_NAME_YIELD_GROUP____low_normal,,,,,0.19444281357939197,0.0,c_NAME_YIELD_GROUP
c_NAME_YIELD_GROUP____middle,,,,,0.22987251193852165,0.0,c_NAME_YIELD_GROUP
c_PRODUCT_COMBINATION____Card Street,,,,,0.06691231031172787,0.0,c_PRODUCT_COMBINATION
c_PRODUCT_COMBINATION____Card X-Sell,,,,,0.047233467331493716,0.0,c_PRODUCT_COMBINATION
c_PRODUCT_COMBINATION____Cash,,,,,0.16630178517239502,0.0,c_PRODUCT_COMBINATION
c_PRODUCT_COMBINATION____Cash Street: high,,,,,0.036569967765461016,0.0,c_PRODUCT_COMBINATION
c_PRODUCT_COMBINATION____Cash Street: low,,,,,0.020225634699275165,0.0,c_PRODUCT_COMBINATION
c_PRODUCT_COMBINATION____Cash Street: middle,,,,,0.021174208690522254,0.0,c_PRODUCT_COMBINATION
c_PRODUCT_COMBINATION____Cash X-Sell: high,,,,,0.035935463015163746,0.0,c_PRODUCT_COMBINATION
c_PRODUCT_COMBINATION____Cash X-Sell: low,,,,,0.0782336576121825,0.0,c_PRODUCT_COMBINATION
c_PRODUCT_COMBINATION____Cash X-Sell: middle,,,,,0.08490904370867673,0.0,c_PRODUCT_COMBINATION
c_PRODUCT_COMBINATION____Missing,,,,,0.0002214046676065165,0.0,c_PRODUCT_COMBINATION
c_PRODUCT_COMBINATION____POS household with interest,,,,,0.16019228960013468,0.0,c_PRODUCT_COMBINATION
c_PRODUCT_COMBINATION____POS household without interest,,,,,0.050589905503356083,0.0,c_PRODUCT_COMBINATION
c_PRODUCT_COMBINATION____POS industry with interest,,,,,0.05907048237215649,0.0,c_PRODUCT_COMBINATION
c_PRODUCT_COMBINATION____POS industry without interest,,,,,0.007512904072360421,0.0,c_PRODUCT_COMBINATION
c_PRODUCT_COMBINATION____POS mobile with interest,,,,,0.13500025818755168,0.0,c_PRODUCT_COMBINATION
c_PRODUCT_COMBINATION____POS mobile without interest,,,,,0.014069453158765538,0.0,c_PRODUCT_COMBINATION
c_PRODUCT_COMBINATION____POS other with interest,,,,,0.014365838320833048,0.0,c_PRODUCT_COMBINATION
c_PRODUCT_COMBINATION____POS others without interest,,,,,0.0014819258103375467,0.0,c_PRODUCT_COMBINATION
SK_ID_CURR,,,,,,,
